Uncorrected,Corrected
SNPID,SNP
RSID,SNP
RS_ID,SNP
MARKERNAME,SNP
markername,SNP
RS,SNP
RS_NUMBERS,SNP
RS_NUMBER,SNP
NSTUDY,NSTUDY
N_STUDY,NSTUDY
NSTUDIES,NSTUDY
N_STUDIES,NSTUDY
P,P
PVALUE,P
P_VALUE,P
PVAL,P
P_VAL,P
GC_PVALUE,P
A1,A1
ALLELE1,A1
ALLELE_1,A1
EFFECT_ALLELE,A1
REFERENCE_ALLELE,A1
INC_ALLELE,A1
EA,A1
A2,A2
ALLELE2,A2
ALLELE_2,A2
OTHER_ALLELE,A2
NON_EFFECT_ALLELE,A2
DEC_ALLELE,A2
NEA,A2
N,N
NCASE,N_CAS
CASES_N,N_CAS
N_CASE,N_CAS
N_CASES,N_CAS
N_CONTROLS,N_CON
N_CAS,N_CAS
N_CON,N_CON
N_CASE,N_CAS
NCONTROL,N_CON
CONTROLS_N,N_CON
N_CONTROL,N_CON
WEIGHT,N
ZSCORE,Z
Z-SCORE,Z
GC_ZSCORE,Z
Z,Z
OR,OR
B,BETA
BETA,BETA
LOG_ODDS,LOG_ODDS
EFFECTS,BETA
EFFECT,BETA
SIGNED_SUMSTAT,SIGNED_SUMSTAT
INFO,INFO
EAF,FRQ
FRQ,FRQ
MAF,FRQ
FRQ_U,FRQ
F_U,FRQ
CHR,CHR
BPOS,BP
POS,BP
A_0,A2
A_1,A1
CHROMOSOME,CHR
POSITION,BP
REF,A1
ALT,A2
SNPNAME,SNP
TOTALSAMPLESIZE,N
P-VALUE,P
P-VAL,P
P.VALUE,P
MAJOR.ALLELE,A2
MINOR.ALLELE,A1